USE CLEANERS_MANAGEMENT;

INSERT INTO diarist (CPF, `NAME`) VALUES ('03398267328', 'Lorena Castello');
INSERT INTO diarist (CPF, `NAME`) VALUES ('22936172338', 'Fabiana Souza');
INSERT INTO diarist (CPF, `NAME`) VALUES ('27632145599', 'Bárbara Lima');
INSERT INTO diarist (CPF, `NAME`) VALUES ('00983100092', 'Rafael Silva');
INSERT INTO diarist (CPF, `NAME`) VALUES ('66673812837', 'Gabriela Silva');
INSERT INTO diarist (CPF, `NAME`) VALUES ('73829837372', 'Beatrice Galhardo');
INSERT INTO diarist (CPF, `NAME`) VALUES ('11489282371', 'Felipe Gustavo');
INSERT INTO diarist (CPF, `NAME`) VALUES ('83947279123', 'Letícia Bustos');
INSERT INTO diarist (CPF, `NAME`) VALUES ('09318724871', 'Bruna Moura');
INSERT INTO diarist (CPF, `NAME`) VALUES ('01938131742', 'Julia Silva');

INSERT INTO RESPONSIBLE (CPF, `NAME`) VALUES ('12012088892', 'Beatriz Florence');
INSERT INTO RESPONSIBLE (CPF, `NAME`) VALUES ('08218273181', 'Rafael Knitell');
INSERT INTO RESPONSIBLE (CPF, `NAME`) VALUES ('66317828365', 'Gabriel Matt');
INSERT INTO RESPONSIBLE (CPF, `NAME`) VALUES ('77736172738', 'Rafaella Oliver');
INSERT INTO RESPONSIBLE (CPF, `NAME`) VALUES ('99931827331', 'Gabriel Montresor');
INSERT INTO RESPONSIBLE (CPF, `NAME`) VALUES ('21893168512', 'Helen Mattos');
INSERT INTO RESPONSIBLE (CPF, `NAME`) VALUES ('00012837801', 'Maria Julia');
INSERT INTO RESPONSIBLE (CPF, `NAME`) VALUES ('71364276182', 'Lorraine Ferreira');
INSERT INTO RESPONSIBLE (CPF, `NAME`) VALUES ('18962386517', 'Alessandra Alves');
INSERT INTO RESPONSIBLE (CPF, `NAME`) VALUES ('83162735126', 'Ulisses Crew');

INSERT INTO house_type (SIZE, PRICE) VALUES ('P', '100.00');
INSERT INTO house_type (SIZE, PRICE) VALUES ('M', '150.00');
INSERT INTO house_type (SIZE, PRICE) VALUES ('G', '200.00');

INSERT INTO residency (RESPONSIBLE_CPF, CITY, DISTRICT, STREET, COMPLEMENT, HOUSE_NUMBER, HOUSE_ID) VALUES ('77736172738', 'São Paulo', 'Barra Funda', 'R. Marta','Esquina', '191', 2);
INSERT INTO residency (RESPONSIBLE_CPF, CITY, DISTRICT, STREET, COMPLEMENT, HOUSE_NUMBER, HOUSE_ID) VALUES ('83162735126', 'São Paulo', 'Barra Funda', 'R. Tagipuru', 'Quinta Rua', '198', 1);
INSERT INTO residency (RESPONSIBLE_CPF, CITY, DISTRICT, STREET, COMPLEMENT, HOUSE_NUMBER, HOUSE_ID) VALUES ('12012088892', 'São Paulo', 'Lapa', 'R. Domingos Rodrigues', 'Sub-Esquina', '191', 1);
INSERT INTO residency (RESPONSIBLE_CPF, CITY, DISTRICT, STREET, COMPLEMENT, HOUSE_NUMBER, HOUSE_ID) VALUES ('08218273181', 'São Paulo', 'Jardim Europa', 'R. Itália', 'Casa Vermelha', '431', 3);
INSERT INTO residency (RESPONSIBLE_CPF, CITY, DISTRICT, STREET, COMPLEMENT, HOUSE_NUMBER, HOUSE_ID) VALUES ('00012837801', 'São Paulo', 'Vila Olímpia', 'R. Quatá', 'Esquina', '125', 3);
INSERT INTO residency (RESPONSIBLE_CPF, CITY, DISTRICT, STREET, COMPLEMENT, HOUSE_NUMBER, HOUSE_ID) VALUES ('99931827331', 'Rio de Janeiro', 'Leblon', 'R. Gen. Urquiza', 'Terceira casa', '124', 2);
INSERT INTO residency (RESPONSIBLE_CPF, CITY, DISTRICT, STREET, COMPLEMENT, HOUSE_NUMBER, HOUSE_ID) VALUES ('66317828365', 'Rio de Janeiro', 'Leblon', 'R. Rita Ludolf','Subesquina com a quinta rua', '2223', 2);
INSERT INTO residency (RESPONSIBLE_CPF, CITY, DISTRICT, STREET, COMPLEMENT, HOUSE_NUMBER, HOUSE_ID) VALUES ('71364276182', 'Rio de Janeiro', 'Méier' , 'R. Medina', 'Esquina', '150', 1);
INSERT INTO residency (RESPONSIBLE_CPF, CITY, DISTRICT, STREET, COMPLEMENT, HOUSE_NUMBER, HOUSE_ID) VALUES ('21893168512', 'Ariquemes', 'Residencial Duque de Caxias', 'Av. Epitácio Pessoa', 'Esquina', '3312', 3);
INSERT INTO residency (RESPONSIBLE_CPF, CITY, DISTRICT, STREET, COMPLEMENT, HOUSE_NUMBER, HOUSE_ID) VALUES ('21893168512', 'Ariquemes', 'Nova União 3', 'R. Pres. Wenceslau Bras', 'Esquina', '4980', 1);

INSERT INTO scheduling (`DATE`, CLEANER_ID, RESIDENCY_ID) VALUES ('2022-07-21 15:30:00', '2', '3');
INSERT INTO scheduling (`DATE`, CLEANER_ID, RESIDENCY_ID) VALUES ('2022-07-21 15:30:00', '3', '3');
INSERT INTO scheduling (`DATE`, CLEANER_ID, RESIDENCY_ID) VALUES ('2022-07-21 15:30:00', '1', '2');
INSERT INTO scheduling (`DATE`, CLEANER_ID, RESIDENCY_ID) VALUES ('2022-07-21 15:30:00', '5', '2');
INSERT INTO scheduling (`DATE`, CLEANER_ID, RESIDENCY_ID) VALUES ('2022-07-30 13:20:00', '6', '7');
INSERT INTO scheduling (`DATE`, CLEANER_ID, RESIDENCY_ID) VALUES ('2022-07-22 08:00:00', '4', '8');
INSERT INTO scheduling (`DATE`, CLEANER_ID, RESIDENCY_ID) VALUES ('2022-07-24 09:30:00', '7', '4');
INSERT INTO scheduling (`DATE`, CLEANER_ID, RESIDENCY_ID) VALUES ('2022-07-28 09:30:00', '2', '5');
INSERT INTO scheduling (`DATE`, CLEANER_ID, RESIDENCY_ID) VALUES ('2022-07-26 10:26:00', '8', '6');
INSERT INTO scheduling (`DATE`, CLEANER_ID, RESIDENCY_ID) VALUES ('2022-08-01 09:10:00', '6', '10');

INSERT INTO work_done (SCHEDULE_ID, JOB_REALIZED, PAYMENT, RATE, RATE_MESSAGE) VALUES (1, 'Y', 'Y', 9, 'Tarefas realizadas com êxito'); 
INSERT INTO work_done (SCHEDULE_ID, JOB_REALIZED, PAYMENT, RATE, RATE_MESSAGE) VALUES (2, 'Y', 'Y', 7, 'Tarefas realizadas porém com atraso'); 
INSERT INTO work_done (SCHEDULE_ID, JOB_REALIZED, PAYMENT, RATE, RATE_MESSAGE) VALUES (3, 'Y', 'Y', 10, 'Excelente!!'); 
INSERT INTO work_done (SCHEDULE_ID, JOB_REALIZED, PAYMENT, RATE, RATE_MESSAGE) VALUES (4, 'N', 'N', '5', 'Falta justificada'); 
INSERT INTO work_done (SCHEDULE_ID, JOB_REALIZED, PAYMENT, RATE, RATE_MESSAGE) VALUES (5, 'N', 'N', 0, 'Faltou sem explicação'); 
INSERT INTO work_done (SCHEDULE_ID, JOB_REALIZED, PAYMENT, RATE, RATE_MESSAGE) VALUES (6, 'Y', 'Y', 8, 'Tarefas bem feitas'); 
INSERT INTO work_done (SCHEDULE_ID, JOB_REALIZED, PAYMENT, RATE, RATE_MESSAGE) VALUES (7, 'Y', 'Y', 4, 'Tarefas não foram relizadas como pedido'); 
INSERT INTO work_done (SCHEDULE_ID, JOB_REALIZED, PAYMENT, RATE, RATE_MESSAGE) VALUES (8, 'Y', 'Y', 9, 'Tarefas realizadas com êxito'); 
INSERT INTO work_done (SCHEDULE_ID, JOB_REALIZED, PAYMENT, RATE, RATE_MESSAGE) VALUES (9, 'Y', 'Y', 9, 'Ótimo trabalho'); 
INSERT INTO work_done (SCHEDULE_ID, JOB_REALIZED, PAYMENT, RATE, RATE_MESSAGE) VALUES (10, 'Y', 'Y', 6, 'Nada demais'); 
